"@timestamp","@version","_id","_index","_score","_type","beat.hostname","beat.name","beat.version","host.architecture","host.containerized","host.id","host.name","host.os.codename","host.os.family","host.os.name","host.os.platform","host.os.version","input.type","log.file.path",message,offset,"prospector.type",source,tags
"Sep 28, 2020 @ 07:13:37.775",1,4NyP03QBL2BaPbyAWA1H,"droplet-metrics",,"_doc","dual-c","dual-c","6.8.12","x86_64",false,b3424a0f25c94085b1ad46dc2c80ed07,"dual-c",Core,redhat,"CentOS Linux",centos,"7 (Core)",log,"/var/log/nova/nova-compute.log","2020-09-28 10:13:28.812 4831 WARNING nova.pci.utils [req-fef1267e-f155-417a-b5aa-73e1fa7eb7f1 - - - - -] No net device was found for VF 0000:3b:01.2: PciDeviceNotFoundById: PCI device 0000:3b:01.2 not found",7934991,log,"/var/log/nova/nova-compute.log","[""beats_input_codec_plain_applied""]"
"Sep 28, 2020 @ 07:13:37.775",1,4dyP03QBL2BaPbyAWA1J,"droplet-metrics",,"_doc","dual-c","dual-c","6.8.12","x86_64",false,b3424a0f25c94085b1ad46dc2c80ed07,"dual-c",Core,redhat,"CentOS Linux",centos,"7 (Core)",log,"/var/log/nova/nova-compute.log","2020-09-28 10:13:29.163 4831 INFO nova.compute.resource_tracker [req-fef1267e-f155-417a-b5aa-73e1fa7eb7f1 - - - - -] Final resource view: name=dual-c phys_ram=128453MB used_ram=41472MB phys_disk=66967GB used_disk=200GB total_vcpus=64 used_vcpus=20 pci_stats=[]",7935405,log,"/var/log/nova/nova-compute.log","[""beats_input_codec_plain_applied""]"
"Sep 28, 2020 @ 07:13:37.775",1,49yP03QBL2BaPbyAWA1M,"droplet-metrics",,"_doc","dual-c","dual-c","6.8.12","x86_64",false,b3424a0f25c94085b1ad46dc2c80ed07,"dual-c",Core,redhat,"CentOS Linux",centos,"7 (Core)",log,"/var/log/nova/nova-compute.log","2020-09-28 10:13:28.772 4831 WARNING nova.pci.utils [req-fef1267e-f155-417a-b5aa-73e1fa7eb7f1 - - - - -] No net device was found for VF 0000:3b:01.3: PciDeviceNotFoundById: PCI device 0000:3b:01.3 not found",7934784,log,"/var/log/nova/nova-compute.log","[""beats_input_codec_plain_applied""]"
"Sep 28, 2020 @ 07:13:37.775",1,5NyP03QBL2BaPbyAWA1O,"droplet-metrics",,"_doc","dual-c","dual-c","6.8.12","x86_64",false,b3424a0f25c94085b1ad46dc2c80ed07,"dual-c",Core,redhat,"CentOS Linux",centos,"7 (Core)",log,"/var/log/nova/nova-compute.log","2020-09-28 10:13:28.516 4831 WARNING nova.pci.utils [req-fef1267e-f155-417a-b5aa-73e1fa7eb7f1 - - - - -] No net device was found for VF 0000:3b:01.4: PciDeviceNotFoundById: PCI device 0000:3b:01.4 not found",7934577,log,"/var/log/nova/nova-compute.log","[""beats_input_codec_plain_applied""]"
"Sep 28, 2020 @ 07:13:37.775",1,5dyP03QBL2BaPbyAWA1P,"droplet-metrics",,"_doc","dual-c","dual-c","6.8.12","x86_64",false,b3424a0f25c94085b1ad46dc2c80ed07,"dual-c",Core,redhat,"CentOS Linux",centos,"7 (Core)",log,"/var/log/nova/nova-compute.log","2020-09-28 10:13:28.910 4831 WARNING nova.pci.utils [req-fef1267e-f155-417a-b5aa-73e1fa7eb7f1 - - - - -] No net device was found for VF 0000:3b:01.5: PciDeviceNotFoundById: PCI device 0000:3b:01.5 not found",7935198,log,"/var/log/nova/nova-compute.log","[""beats_input_codec_plain_applied""]"
"Sep 28, 2020 @ 07:13:37.774",1,4tyP03QBL2BaPbyAWA1L,"droplet-metrics",,"_doc","dual-c","dual-c","6.8.12","x86_64",false,b3424a0f25c94085b1ad46dc2c80ed07,"dual-c",Core,redhat,"CentOS Linux",centos,"7 (Core)",log,"/var/log/nova/nova-compute.log","2020-09-28 10:13:28.060 4831 WARNING nova.pci.utils [req-fef1267e-f155-417a-b5aa-73e1fa7eb7f1 - - - - -] No net device was found for VF 0000:3b:01.6: PciDeviceNotFoundById: PCI device 0000:3b:01.6 not found",7934370,log,"/var/log/nova/nova-compute.log","[""beats_input_codec_plain_applied""]"
"Sep 28, 2020 @ 07:12:32.772",1,4dyO03QBL2BaPbyAVwwO,"droplet-metrics",,"_doc","dual-c","dual-c","6.8.12","x86_64",false,b3424a0f25c94085b1ad46dc2c80ed07,"dual-c",Core,redhat,"CentOS Linux",centos,"7 (Core)",log,"/var/log/nova/nova-compute.log","2020-09-28 10:12:26.539 4831 WARNING nova.pci.utils [req-fef1267e-f155-417a-b5aa-73e1fa7eb7f1 - - - - -] No net device was found for VF 0000:3b:01.4: PciDeviceNotFoundById: PCI device 0000:3b:01.4 not found",7933281,log,"/var/log/nova/nova-compute.log","[""beats_input_codec_plain_applied""]"
"Sep 28, 2020 @ 07:12:32.772",1,49yO03QBL2BaPbyAVwwU,"droplet-metrics",,"_doc","dual-c","dual-c","6.8.12","x86_64",false,b3424a0f25c94085b1ad46dc2c80ed07,"dual-c",Core,redhat,"CentOS Linux",centos,"7 (Core)",log,"/var/log/nova/nova-compute.log","2020-09-28 10:12:26.756 4831 WARNING nova.pci.utils [req-fef1267e-f155-417a-b5aa-73e1fa7eb7f1 - - - - -] No net device was found for VF 0000:3b:01.3: PciDeviceNotFoundById: PCI device 0000:3b:01.3 not found",7933488,log,"/var/log/nova/nova-compute.log","[""beats_input_codec_plain_applied""]"
"Sep 28, 2020 @ 07:12:32.772",1,5NyO03QBL2BaPbyAVwwW,"droplet-metrics",,"_doc","dual-c","dual-c","6.8.12","x86_64",false,b3424a0f25c94085b1ad46dc2c80ed07,"dual-c",Core,redhat,"CentOS Linux",centos,"7 (Core)",log,"/var/log/nova/nova-compute.log","2020-09-28 10:12:27.924 4831 INFO nova.compute.resource_tracker [req-fef1267e-f155-417a-b5aa-73e1fa7eb7f1 - - - - -] Final resource view: name=dual-c phys_ram=128453MB used_ram=41472MB phys_disk=66967GB used_disk=200GB total_vcpus=64 used_vcpus=20 pci_stats=[]",7934109,log,"/var/log/nova/nova-compute.log","[""beats_input_codec_plain_applied""]"
"Sep 28, 2020 @ 07:12:32.772",1,5dyO03QBL2BaPbyAVwwX,"droplet-metrics",,"_doc","dual-c","dual-c","6.8.12","x86_64",false,b3424a0f25c94085b1ad46dc2c80ed07,"dual-c",Core,redhat,"CentOS Linux",centos,"7 (Core)",log,"/var/log/nova/nova-compute.log","2020-09-28 10:12:26.910 4831 WARNING nova.pci.utils [req-fef1267e-f155-417a-b5aa-73e1fa7eb7f1 - - - - -] No net device was found for VF 0000:3b:01.5: PciDeviceNotFoundById: PCI device 0000:3b:01.5 not found",7933902,log,"/var/log/nova/nova-compute.log","[""beats_input_codec_plain_applied""]"
"Sep 28, 2020 @ 07:12:32.772",1,5tyO03QBL2BaPbyAVwwZ,"droplet-metrics",,"_doc","dual-c","dual-c","6.8.12","x86_64",false,b3424a0f25c94085b1ad46dc2c80ed07,"dual-c",Core,redhat,"CentOS Linux",centos,"7 (Core)",log,"/var/log/nova/nova-compute.log","2020-09-28 10:12:26.803 4831 WARNING nova.pci.utils [req-fef1267e-f155-417a-b5aa-73e1fa7eb7f1 - - - - -] No net device was found for VF 0000:3b:01.2: PciDeviceNotFoundById: PCI device 0000:3b:01.2 not found",7933695,log,"/var/log/nova/nova-compute.log","[""beats_input_codec_plain_applied""]"
"Sep 28, 2020 @ 07:12:32.771",1,4tyO03QBL2BaPbyAVwwT,"droplet-metrics",,"_doc","dual-c","dual-c","6.8.12","x86_64",false,b3424a0f25c94085b1ad46dc2c80ed07,"dual-c",Core,redhat,"CentOS Linux",centos,"7 (Core)",log,"/var/log/nova/nova-compute.log","2020-09-28 10:12:26.050 4831 WARNING nova.pci.utils [req-fef1267e-f155-417a-b5aa-73e1fa7eb7f1 - - - - -] No net device was found for VF 0000:3b:01.6: PciDeviceNotFoundById: PCI device 0000:3b:01.6 not found",7933074,log,"/var/log/nova/nova-compute.log","[""beats_input_codec_plain_applied""]"
"Sep 28, 2020 @ 07:11:27.769",1,v9yN03QBL2BaPbyAVAub,"droplet-metrics",,"_doc","dual-c","dual-c","6.8.12","x86_64",false,b3424a0f25c94085b1ad46dc2c80ed07,"dual-c",Core,redhat,"CentOS Linux",centos,"7 (Core)",log,"/var/log/nova/nova-compute.log","2020-09-28 10:11:27.104 4831 WARNING nova.pci.utils [req-fef1267e-f155-417a-b5aa-73e1fa7eb7f1 - - - - -] No net device was found for VF 0000:3b:01.5: PciDeviceNotFoundById: PCI device 0000:3b:01.5 not found",7932606,log,"/var/log/nova/nova-compute.log","[""beats_input_codec_plain_applied""]"
"Sep 28, 2020 @ 07:11:27.769",1,wNyN03QBL2BaPbyAVAud,"droplet-metrics",,"_doc","dual-c","dual-c","6.8.12","x86_64",false,b3424a0f25c94085b1ad46dc2c80ed07,"dual-c",Core,redhat,"CentOS Linux",centos,"7 (Core)",log,"/var/log/nova/nova-compute.log","2020-09-28 10:11:27.360 4831 INFO nova.compute.resource_tracker [req-fef1267e-f155-417a-b5aa-73e1fa7eb7f1 - - - - -] Final resource view: name=dual-c phys_ram=128453MB used_ram=41472MB phys_disk=66967GB used_disk=200GB total_vcpus=64 used_vcpus=20 pci_stats=[]",7932813,log,"/var/log/nova/nova-compute.log","[""beats_input_codec_plain_applied""]"
"Sep 28, 2020 @ 07:11:27.769",1,wdyN03QBL2BaPbyAVAuh,"droplet-metrics",,"_doc","dual-c","dual-c","6.8.12","x86_64",false,b3424a0f25c94085b1ad46dc2c80ed07,"dual-c",Core,redhat,"CentOS Linux",centos,"7 (Core)",log,"/var/log/nova/nova-compute.log","2020-09-28 10:11:27.006 4831 WARNING nova.pci.utils [req-fef1267e-f155-417a-b5aa-73e1fa7eb7f1 - - - - -] No net device was found for VF 0000:3b:01.2: PciDeviceNotFoundById: PCI device 0000:3b:01.2 not found",7932399,log,"/var/log/nova/nova-compute.log","[""beats_input_codec_plain_applied""]"
"Sep 28, 2020 @ 07:11:27.769",1,wtyN03QBL2BaPbyAVAui,"droplet-metrics",,"_doc","dual-c","dual-c","6.8.12","x86_64",false,b3424a0f25c94085b1ad46dc2c80ed07,"dual-c",Core,redhat,"CentOS Linux",centos,"7 (Core)",log,"/var/log/nova/nova-compute.log","2020-09-28 10:11:26.966 4831 WARNING nova.pci.utils [req-fef1267e-f155-417a-b5aa-73e1fa7eb7f1 - - - - -] No net device was found for VF 0000:3b:01.3: PciDeviceNotFoundById: PCI device 0000:3b:01.3 not found",7932192,log,"/var/log/nova/nova-compute.log","[""beats_input_codec_plain_applied""]"
"Sep 28, 2020 @ 07:11:27.769",1,w9yN03QBL2BaPbyAVAuj,"droplet-metrics",,"_doc","dual-c","dual-c","6.8.12","x86_64",false,b3424a0f25c94085b1ad46dc2c80ed07,"dual-c",Core,redhat,"CentOS Linux",centos,"7 (Core)",log,"/var/log/nova/nova-compute.log","2020-09-28 10:11:26.161 4831 WARNING nova.pci.utils [req-fef1267e-f155-417a-b5aa-73e1fa7eb7f1 - - - - -] No net device was found for VF 0000:3b:01.6: PciDeviceNotFoundById: PCI device 0000:3b:01.6 not found",7931778,log,"/var/log/nova/nova-compute.log","[""beats_input_codec_plain_applied""]"
"Sep 28, 2020 @ 07:11:27.769",1,xNyN03QBL2BaPbyAVAul,"droplet-metrics",,"_doc","dual-c","dual-c","6.8.12","x86_64",false,b3424a0f25c94085b1ad46dc2c80ed07,"dual-c",Core,redhat,"CentOS Linux",centos,"7 (Core)",log,"/var/log/nova/nova-compute.log","2020-09-28 10:11:26.679 4831 WARNING nova.pci.utils [req-fef1267e-f155-417a-b5aa-73e1fa7eb7f1 - - - - -] No net device was found for VF 0000:3b:01.4: PciDeviceNotFoundById: PCI device 0000:3b:01.4 not found",7931985,log,"/var/log/nova/nova-compute.log","[""beats_input_codec_plain_applied""]"
"Sep 28, 2020 @ 07:10:32.766",1,7NyM03QBL2BaPbyAgwqx,"droplet-metrics",,"_doc","dual-c","dual-c","6.8.12","x86_64",false,b3424a0f25c94085b1ad46dc2c80ed07,"dual-c",Core,redhat,"CentOS Linux",centos,"7 (Core)",log,"/var/log/nova/nova-compute.log","2020-09-28 10:10:27.193 4831 WARNING nova.pci.utils [req-fef1267e-f155-417a-b5aa-73e1fa7eb7f1 - - - - -] No net device was found for VF 0000:3b:01.5: PciDeviceNotFoundById: PCI device 0000:3b:01.5 not found",7931310,log,"/var/log/nova/nova-compute.log","[""beats_input_codec_plain_applied""]"
"Sep 28, 2020 @ 07:10:32.766",1,7tyM03QBL2BaPbyAgwq1,"droplet-metrics",,"_doc","dual-c","dual-c","6.8.12","x86_64",false,b3424a0f25c94085b1ad46dc2c80ed07,"dual-c",Core,redhat,"CentOS Linux",centos,"7 (Core)",log,"/var/log/nova/nova-compute.log","2020-09-28 10:10:27.047 4831 WARNING nova.pci.utils [req-fef1267e-f155-417a-b5aa-73e1fa7eb7f1 - - - - -] No net device was found for VF 0000:3b:01.3: PciDeviceNotFoundById: PCI device 0000:3b:01.3 not found",7930896,log,"/var/log/nova/nova-compute.log","[""beats_input_codec_plain_applied""]"
"Sep 28, 2020 @ 07:10:32.766",1,79yM03QBL2BaPbyAgwq2,"droplet-metrics",,"_doc","dual-c","dual-c","6.8.12","x86_64",false,b3424a0f25c94085b1ad46dc2c80ed07,"dual-c",Core,redhat,"CentOS Linux",centos,"7 (Core)",log,"/var/log/nova/nova-compute.log","2020-09-28 10:10:27.090 4831 WARNING nova.pci.utils [req-fef1267e-f155-417a-b5aa-73e1fa7eb7f1 - - - - -] No net device was found for VF 0000:3b:01.2: PciDeviceNotFoundById: PCI device 0000:3b:01.2 not found",7931103,log,"/var/log/nova/nova-compute.log","[""beats_input_codec_plain_applied""]"
"Sep 28, 2020 @ 07:10:32.766",1,8NyM03QBL2BaPbyAgwq4,"droplet-metrics",,"_doc","dual-c","dual-c","6.8.12","x86_64",false,b3424a0f25c94085b1ad46dc2c80ed07,"dual-c",Core,redhat,"CentOS Linux",centos,"7 (Core)",log,"/var/log/nova/nova-compute.log","2020-09-28 10:10:26.755 4831 WARNING nova.pci.utils [req-fef1267e-f155-417a-b5aa-73e1fa7eb7f1 - - - - -] No net device was found for VF 0000:3b:01.4: PciDeviceNotFoundById: PCI device 0000:3b:01.4 not found",7930689,log,"/var/log/nova/nova-compute.log","[""beats_input_codec_plain_applied""]"
"Sep 28, 2020 @ 07:10:32.766",1,8dyM03QBL2BaPbyAgwq6,"droplet-metrics",,"_doc","dual-c","dual-c","6.8.12","x86_64",false,b3424a0f25c94085b1ad46dc2c80ed07,"dual-c",Core,redhat,"CentOS Linux",centos,"7 (Core)",log,"/var/log/nova/nova-compute.log","2020-09-28 10:10:27.452 4831 INFO nova.compute.resource_tracker [req-fef1267e-f155-417a-b5aa-73e1fa7eb7f1 - - - - -] Final resource view: name=dual-c phys_ram=128453MB used_ram=41472MB phys_disk=66967GB used_disk=200GB total_vcpus=64 used_vcpus=20 pci_stats=[]",7931517,log,"/var/log/nova/nova-compute.log","[""beats_input_codec_plain_applied""]"
"Sep 28, 2020 @ 07:10:32.754",1,7dyM03QBL2BaPbyAgwqz,"droplet-metrics",,"_doc","dual-c","dual-c","6.8.12","x86_64",false,b3424a0f25c94085b1ad46dc2c80ed07,"dual-c",Core,redhat,"CentOS Linux",centos,"7 (Core)",log,"/var/log/nova/nova-compute.log","2020-09-28 10:10:26.238 4831 WARNING nova.pci.utils [req-fef1267e-f155-417a-b5aa-73e1fa7eb7f1 - - - - -] No net device was found for VF 0000:3b:01.6: PciDeviceNotFoundById: PCI device 0000:3b:01.6 not found",7930482,log,"/var/log/nova/nova-compute.log","[""beats_input_codec_plain_applied""]"
"Sep 28, 2020 @ 07:09:27.751",1,ztyL03QBL2BaPbyAfwnO,"droplet-metrics",,"_doc","dual-c","dual-c","6.8.12","x86_64",false,b3424a0f25c94085b1ad46dc2c80ed07,"dual-c",Core,redhat,"CentOS Linux",centos,"7 (Core)",log,"/var/log/nova/nova-compute.log","2020-09-28 10:09:25.115 4831 WARNING nova.pci.utils [req-fef1267e-f155-417a-b5aa-73e1fa7eb7f1 - - - - -] No net device was found for VF 0000:3b:01.6: PciDeviceNotFoundById: PCI device 0000:3b:01.6 not found",7929186,log,"/var/log/nova/nova-compute.log","[""beats_input_codec_plain_applied""]"
"Sep 28, 2020 @ 07:09:27.751",1,ydyL03QBL2BaPbyAfwnM,"droplet-metrics",,"_doc","dual-c","dual-c","6.8.12","x86_64",false,b3424a0f25c94085b1ad46dc2c80ed07,"dual-c",Core,redhat,"CentOS Linux",centos,"7 (Core)",log,"/var/log/nova/nova-compute.log","2020-09-28 10:09:25.620 4831 WARNING nova.pci.utils [req-fef1267e-f155-417a-b5aa-73e1fa7eb7f1 - - - - -] No net device was found for VF 0000:3b:01.4: PciDeviceNotFoundById: PCI device 0000:3b:01.4 not found",7929393,log,"/var/log/nova/nova-compute.log","[""beats_input_codec_plain_applied""]"
"Sep 28, 2020 @ 07:09:27.751",1,ytyL03QBL2BaPbyAfwnM,"droplet-metrics",,"_doc","dual-c","dual-c","6.8.12","x86_64",false,b3424a0f25c94085b1ad46dc2c80ed07,"dual-c",Core,redhat,"CentOS Linux",centos,"7 (Core)",log,"/var/log/nova/nova-compute.log","2020-09-28 10:09:25.904 4831 WARNING nova.pci.utils [req-fef1267e-f155-417a-b5aa-73e1fa7eb7f1 - - - - -] No net device was found for VF 0000:3b:01.3: PciDeviceNotFoundById: PCI device 0000:3b:01.3 not found",7929600,log,"/var/log/nova/nova-compute.log","[""beats_input_codec_plain_applied""]"
"Sep 28, 2020 @ 07:09:27.751",1,y9yL03QBL2BaPbyAfwnM,"droplet-metrics",,"_doc","dual-c","dual-c","6.8.12","x86_64",false,b3424a0f25c94085b1ad46dc2c80ed07,"dual-c",Core,redhat,"CentOS Linux",centos,"7 (Core)",log,"/var/log/nova/nova-compute.log","2020-09-28 10:09:25.953 4831 WARNING nova.pci.utils [req-fef1267e-f155-417a-b5aa-73e1fa7eb7f1 - - - - -] No net device was found for VF 0000:3b:01.2: PciDeviceNotFoundById: PCI device 0000:3b:01.2 not found",7929807,log,"/var/log/nova/nova-compute.log","[""beats_input_codec_plain_applied""]"
"Sep 28, 2020 @ 07:09:27.751",1,zNyL03QBL2BaPbyAfwnM,"droplet-metrics",,"_doc","dual-c","dual-c","6.8.12","x86_64",false,b3424a0f25c94085b1ad46dc2c80ed07,"dual-c",Core,redhat,"CentOS Linux",centos,"7 (Core)",log,"/var/log/nova/nova-compute.log","2020-09-28 10:09:26.060 4831 WARNING nova.pci.utils [req-fef1267e-f155-417a-b5aa-73e1fa7eb7f1 - - - - -] No net device was found for VF 0000:3b:01.5: PciDeviceNotFoundById: PCI device 0000:3b:01.5 not found",7930014,log,"/var/log/nova/nova-compute.log","[""beats_input_codec_plain_applied""]"
"Sep 28, 2020 @ 07:09:27.751",1,zdyL03QBL2BaPbyAfwnM,"droplet-metrics",,"_doc","dual-c","dual-c","6.8.12","x86_64",false,b3424a0f25c94085b1ad46dc2c80ed07,"dual-c",Core,redhat,"CentOS Linux",centos,"7 (Core)",log,"/var/log/nova/nova-compute.log","2020-09-28 10:09:26.542 4831 INFO nova.compute.resource_tracker [req-fef1267e-f155-417a-b5aa-73e1fa7eb7f1 - - - - -] Final resource view: name=dual-c phys_ram=128453MB used_ram=41472MB phys_disk=66967GB used_disk=200GB total_vcpus=64 used_vcpus=20 pci_stats=[]",7930221,log,"/var/log/nova/nova-compute.log","[""beats_input_codec_plain_applied""]"
"Sep 28, 2020 @ 07:08:32.749",1,"-NyK03QBL2BaPbyArwg9","droplet-metrics",,"_doc","dual-c","dual-c","6.8.12","x86_64",false,b3424a0f25c94085b1ad46dc2c80ed07,"dual-c",Core,redhat,"CentOS Linux",centos,"7 (Core)",log,"/var/log/nova/nova-compute.log","2020-09-28 10:08:26.430 4831 INFO nova.compute.resource_tracker [req-fef1267e-f155-417a-b5aa-73e1fa7eb7f1 - - - - -] Final resource view: name=dual-c phys_ram=128453MB used_ram=41472MB phys_disk=66967GB used_disk=200GB total_vcpus=64 used_vcpus=20 pci_stats=[]",7928925,log,"/var/log/nova/nova-compute.log","[""beats_input_codec_plain_applied""]"
"Sep 28, 2020 @ 07:08:32.749",1,99yK03QBL2BaPbyArwg8,"droplet-metrics",,"_doc","dual-c","dual-c","6.8.12","x86_64",false,b3424a0f25c94085b1ad46dc2c80ed07,"dual-c",Core,redhat,"CentOS Linux",centos,"7 (Core)",log,"/var/log/nova/nova-compute.log","2020-09-28 10:08:25.765 4831 WARNING nova.pci.utils [req-fef1267e-f155-417a-b5aa-73e1fa7eb7f1 - - - - -] No net device was found for VF 0000:3b:01.4: PciDeviceNotFoundById: PCI device 0000:3b:01.4 not found",7928097,log,"/var/log/nova/nova-compute.log","[""beats_input_codec_plain_applied""]"
"Sep 28, 2020 @ 07:08:32.749",1,"-dyK03QBL2BaPbyArwg_","droplet-metrics",,"_doc","dual-c","dual-c","6.8.12","x86_64",false,b3424a0f25c94085b1ad46dc2c80ed07,"dual-c",Core,redhat,"CentOS Linux",centos,"7 (Core)",log,"/var/log/nova/nova-compute.log","2020-09-28 10:08:26.035 4831 WARNING nova.pci.utils [req-fef1267e-f155-417a-b5aa-73e1fa7eb7f1 - - - - -] No net device was found for VF 0000:3b:01.3: PciDeviceNotFoundById: PCI device 0000:3b:01.3 not found",7928304,log,"/var/log/nova/nova-compute.log","[""beats_input_codec_plain_applied""]"
"Sep 28, 2020 @ 07:08:32.749",1,"-tyK03QBL2BaPbyArwhA","droplet-metrics",,"_doc","dual-c","dual-c","6.8.12","x86_64",false,b3424a0f25c94085b1ad46dc2c80ed07,"dual-c",Core,redhat,"CentOS Linux",centos,"7 (Core)",log,"/var/log/nova/nova-compute.log","2020-09-28 10:08:26.172 4831 WARNING nova.pci.utils [req-fef1267e-f155-417a-b5aa-73e1fa7eb7f1 - - - - -] No net device was found for VF 0000:3b:01.5: PciDeviceNotFoundById: PCI device 0000:3b:01.5 not found",7928718,log,"/var/log/nova/nova-compute.log","[""beats_input_codec_plain_applied""]"
"Sep 28, 2020 @ 07:08:32.749",1,"-9yK03QBL2BaPbyArwhC","droplet-metrics",,"_doc","dual-c","dual-c","6.8.12","x86_64",false,b3424a0f25c94085b1ad46dc2c80ed07,"dual-c",Core,redhat,"CentOS Linux",centos,"7 (Core)",log,"/var/log/nova/nova-compute.log","2020-09-28 10:08:26.080 4831 WARNING nova.pci.utils [req-fef1267e-f155-417a-b5aa-73e1fa7eb7f1 - - - - -] No net device was found for VF 0000:3b:01.2: PciDeviceNotFoundById: PCI device 0000:3b:01.2 not found",7928511,log,"/var/log/nova/nova-compute.log","[""beats_input_codec_plain_applied""]"
"Sep 28, 2020 @ 07:08:32.748",1,9tyK03QBL2BaPbyArwg7,"droplet-metrics",,"_doc","dual-c","dual-c","6.8.12","x86_64",false,b3424a0f25c94085b1ad46dc2c80ed07,"dual-c",Core,redhat,"CentOS Linux",centos,"7 (Core)",log,"/var/log/nova/nova-compute.log","2020-09-28 10:08:25.273 4831 WARNING nova.pci.utils [req-fef1267e-f155-417a-b5aa-73e1fa7eb7f1 - - - - -] No net device was found for VF 0000:3b:01.6: PciDeviceNotFoundById: PCI device 0000:3b:01.6 not found",7927890,log,"/var/log/nova/nova-compute.log","[""beats_input_codec_plain_applied""]"
"Sep 28, 2020 @ 07:07:27.746",1,0tyJ03QBL2BaPbyAqwcH,"droplet-metrics",,"_doc","dual-c","dual-c","6.8.12","x86_64",false,b3424a0f25c94085b1ad46dc2c80ed07,"dual-c",Core,redhat,"CentOS Linux",centos,"7 (Core)",log,"/var/log/nova/nova-compute.log","2020-09-28 10:07:23.839 4831 WARNING nova.pci.utils [req-fef1267e-f155-417a-b5aa-73e1fa7eb7f1 - - - - -] No net device was found for VF 0000:3b:01.5: PciDeviceNotFoundById: PCI device 0000:3b:01.5 not found",7927422,log,"/var/log/nova/nova-compute.log","[""beats_input_codec_plain_applied""]"
"Sep 28, 2020 @ 07:07:27.746",1,09yJ03QBL2BaPbyAqwcI,"droplet-metrics",,"_doc","dual-c","dual-c","6.8.12","x86_64",false,b3424a0f25c94085b1ad46dc2c80ed07,"dual-c",Core,redhat,"CentOS Linux",centos,"7 (Core)",log,"/var/log/nova/nova-compute.log","2020-09-28 10:07:23.434 4831 WARNING nova.pci.utils [req-fef1267e-f155-417a-b5aa-73e1fa7eb7f1 - - - - -] No net device was found for VF 0000:3b:01.4: PciDeviceNotFoundById: PCI device 0000:3b:01.4 not found",7926801,log,"/var/log/nova/nova-compute.log","[""beats_input_codec_plain_applied""]"
"Sep 28, 2020 @ 07:07:27.746",1,1NyJ03QBL2BaPbyAqwcK,"droplet-metrics",,"_doc","dual-c","dual-c","6.8.12","x86_64",false,b3424a0f25c94085b1ad46dc2c80ed07,"dual-c",Core,redhat,"CentOS Linux",centos,"7 (Core)",log,"/var/log/nova/nova-compute.log","2020-09-28 10:07:24.094 4831 INFO nova.compute.resource_tracker [req-fef1267e-f155-417a-b5aa-73e1fa7eb7f1 - - - - -] Final resource view: name=dual-c phys_ram=128453MB used_ram=41472MB phys_disk=66967GB used_disk=200GB total_vcpus=64 used_vcpus=20 pci_stats=[]",7927629,log,"/var/log/nova/nova-compute.log","[""beats_input_codec_plain_applied""]"
"Sep 28, 2020 @ 07:07:27.746",1,1dyJ03QBL2BaPbyAqwcL,"droplet-metrics",,"_doc","dual-c","dual-c","6.8.12","x86_64",false,b3424a0f25c94085b1ad46dc2c80ed07,"dual-c",Core,redhat,"CentOS Linux",centos,"7 (Core)",log,"/var/log/nova/nova-compute.log","2020-09-28 10:07:23.690 4831 WARNING nova.pci.utils [req-fef1267e-f155-417a-b5aa-73e1fa7eb7f1 - - - - -] No net device was found for VF 0000:3b:01.3: PciDeviceNotFoundById: PCI device 0000:3b:01.3 not found",7927008,log,"/var/log/nova/nova-compute.log","[""beats_input_codec_plain_applied""]"
"Sep 28, 2020 @ 07:07:27.746",1,1tyJ03QBL2BaPbyAqwcN,"droplet-metrics",,"_doc","dual-c","dual-c","6.8.12","x86_64",false,b3424a0f25c94085b1ad46dc2c80ed07,"dual-c",Core,redhat,"CentOS Linux",centos,"7 (Core)",log,"/var/log/nova/nova-compute.log","2020-09-28 10:07:23.735 4831 WARNING nova.pci.utils [req-fef1267e-f155-417a-b5aa-73e1fa7eb7f1 - - - - -] No net device was found for VF 0000:3b:01.2: PciDeviceNotFoundById: PCI device 0000:3b:01.2 not found",7927215,log,"/var/log/nova/nova-compute.log","[""beats_input_codec_plain_applied""]"
"Sep 28, 2020 @ 07:07:27.745",1,0dyJ03QBL2BaPbyAqwcG,"droplet-metrics",,"_doc","dual-c","dual-c","6.8.12","x86_64",false,b3424a0f25c94085b1ad46dc2c80ed07,"dual-c",Core,redhat,"CentOS Linux",centos,"7 (Core)",log,"/var/log/nova/nova-compute.log","2020-09-28 10:07:23.077 4831 WARNING nova.pci.utils [req-fef1267e-f155-417a-b5aa-73e1fa7eb7f1 - - - - -] No net device was found for VF 0000:3b:01.6: PciDeviceNotFoundById: PCI device 0000:3b:01.6 not found",7926594,log,"/var/log/nova/nova-compute.log","[""beats_input_codec_plain_applied""]"
"Sep 28, 2020 @ 07:06:32.743",1,"_tyI03QBL2BaPbyA2gYI","droplet-metrics",,"_doc","dual-c","dual-c","6.8.12","x86_64",false,b3424a0f25c94085b1ad46dc2c80ed07,"dual-c",Core,redhat,"CentOS Linux",centos,"7 (Core)",log,"/var/log/nova/nova-compute.log","2020-09-28 10:06:23.214 4831 WARNING nova.pci.utils [req-fef1267e-f155-417a-b5aa-73e1fa7eb7f1 - - - - -] No net device was found for VF 0000:3b:01.6: PciDeviceNotFoundById: PCI device 0000:3b:01.6 not found",7925298,log,"/var/log/nova/nova-compute.log","[""beats_input_codec_plain_applied""]"
"Sep 28, 2020 @ 07:06:32.743",1,"_9yI03QBL2BaPbyA2gYI","droplet-metrics",,"_doc","dual-c","dual-c","6.8.12","x86_64",false,b3424a0f25c94085b1ad46dc2c80ed07,"dual-c",Core,redhat,"CentOS Linux",centos,"7 (Core)",log,"/var/log/nova/nova-compute.log","2020-09-28 10:06:23.703 4831 WARNING nova.pci.utils [req-fef1267e-f155-417a-b5aa-73e1fa7eb7f1 - - - - -] No net device was found for VF 0000:3b:01.4: PciDeviceNotFoundById: PCI device 0000:3b:01.4 not found",7925505,log,"/var/log/nova/nova-compute.log","[""beats_input_codec_plain_applied""]"
"Sep 28, 2020 @ 07:06:32.743",1,ANyI03QBL2BaPbyA2gcI,"droplet-metrics",,"_doc","dual-c","dual-c","6.8.12","x86_64",false,b3424a0f25c94085b1ad46dc2c80ed07,"dual-c",Core,redhat,"CentOS Linux",centos,"7 (Core)",log,"/var/log/nova/nova-compute.log","2020-09-28 10:06:23.970 4831 WARNING nova.pci.utils [req-fef1267e-f155-417a-b5aa-73e1fa7eb7f1 - - - - -] No net device was found for VF 0000:3b:01.3: PciDeviceNotFoundById: PCI device 0000:3b:01.3 not found",7925712,log,"/var/log/nova/nova-compute.log","[""beats_input_codec_plain_applied""]"
"Sep 28, 2020 @ 07:06:32.743",1,AdyI03QBL2BaPbyA2gcN,"droplet-metrics",,"_doc","dual-c","dual-c","6.8.12","x86_64",false,b3424a0f25c94085b1ad46dc2c80ed07,"dual-c",Core,redhat,"CentOS Linux",centos,"7 (Core)",log,"/var/log/nova/nova-compute.log","2020-09-28 10:06:24.008 4831 WARNING nova.pci.utils [req-fef1267e-f155-417a-b5aa-73e1fa7eb7f1 - - - - -] No net device was found for VF 0000:3b:01.2: PciDeviceNotFoundById: PCI device 0000:3b:01.2 not found",7925919,log,"/var/log/nova/nova-compute.log","[""beats_input_codec_plain_applied""]"
"Sep 28, 2020 @ 07:06:32.743",1,AtyI03QBL2BaPbyA2gcN,"droplet-metrics",,"_doc","dual-c","dual-c","6.8.12","x86_64",false,b3424a0f25c94085b1ad46dc2c80ed07,"dual-c",Core,redhat,"CentOS Linux",centos,"7 (Core)",log,"/var/log/nova/nova-compute.log","2020-09-28 10:06:24.102 4831 WARNING nova.pci.utils [req-fef1267e-f155-417a-b5aa-73e1fa7eb7f1 - - - - -] No net device was found for VF 0000:3b:01.5: PciDeviceNotFoundById: PCI device 0000:3b:01.5 not found",7926126,log,"/var/log/nova/nova-compute.log","[""beats_input_codec_plain_applied""]"
"Sep 28, 2020 @ 07:06:32.743",1,A9yI03QBL2BaPbyA2gcN,"droplet-metrics",,"_doc","dual-c","dual-c","6.8.12","x86_64",false,b3424a0f25c94085b1ad46dc2c80ed07,"dual-c",Core,redhat,"CentOS Linux",centos,"7 (Core)",log,"/var/log/nova/nova-compute.log","2020-09-28 10:06:24.359 4831 INFO nova.compute.resource_tracker [req-fef1267e-f155-417a-b5aa-73e1fa7eb7f1 - - - - -] Final resource view: name=dual-c phys_ram=128453MB used_ram=41472MB phys_disk=66967GB used_disk=200GB total_vcpus=64 used_vcpus=20 pci_stats=[]",7926333,log,"/var/log/nova/nova-compute.log","[""beats_input_codec_plain_applied""]"
"Sep 28, 2020 @ 07:05:27.741",1,3tyH03QBL2BaPbyA3AVr,"droplet-metrics",,"_doc","dual-c","dual-c","6.8.12","x86_64",false,b3424a0f25c94085b1ad46dc2c80ed07,"dual-c",Core,redhat,"CentOS Linux",centos,"7 (Core)",log,"/var/log/nova/nova-compute.log","2020-09-28 10:05:23.362 4831 INFO nova.compute.resource_tracker [req-fef1267e-f155-417a-b5aa-73e1fa7eb7f1 - - - - -] Final resource view: name=dual-c phys_ram=128453MB used_ram=41472MB phys_disk=66967GB used_disk=200GB total_vcpus=64 used_vcpus=20 pci_stats=[]",7925037,log,"/var/log/nova/nova-compute.log","[""beats_input_codec_plain_applied""]"
"Sep 28, 2020 @ 07:05:27.740",1,3NyH03QBL2BaPbyA3AVr,"droplet-metrics",,"_doc","dual-c","dual-c","6.8.12","x86_64",false,b3424a0f25c94085b1ad46dc2c80ed07,"dual-c",Core,redhat,"CentOS Linux",centos,"7 (Core)",log,"/var/log/nova/nova-compute.log","2020-09-28 10:05:23.002 4831 WARNING nova.pci.utils [req-fef1267e-f155-417a-b5aa-73e1fa7eb7f1 - - - - -] No net device was found for VF 0000:3b:01.2: PciDeviceNotFoundById: PCI device 0000:3b:01.2 not found",7924623,log,"/var/log/nova/nova-compute.log","[""beats_input_codec_plain_applied""]"
"Sep 28, 2020 @ 07:05:27.740",1,3dyH03QBL2BaPbyA3AVr,"droplet-metrics",,"_doc","dual-c","dual-c","6.8.12","x86_64",false,b3424a0f25c94085b1ad46dc2c80ed07,"dual-c",Core,redhat,"CentOS Linux",centos,"7 (Core)",log,"/var/log/nova/nova-compute.log","2020-09-28 10:05:23.108 4831 WARNING nova.pci.utils [req-fef1267e-f155-417a-b5aa-73e1fa7eb7f1 - - - - -] No net device was found for VF 0000:3b:01.5: PciDeviceNotFoundById: PCI device 0000:3b:01.5 not found",7924830,log,"/var/log/nova/nova-compute.log","[""beats_input_codec_plain_applied""]"
"Sep 28, 2020 @ 07:05:27.740",1,4NyH03QBL2BaPbyA3AVu,"droplet-metrics",,"_doc","dual-c","dual-c","6.8.12","x86_64",false,b3424a0f25c94085b1ad46dc2c80ed07,"dual-c",Core,redhat,"CentOS Linux",centos,"7 (Core)",log,"/var/log/nova/nova-compute.log","2020-09-28 10:05:22.669 4831 WARNING nova.pci.utils [req-fef1267e-f155-417a-b5aa-73e1fa7eb7f1 - - - - -] No net device was found for VF 0000:3b:01.4: PciDeviceNotFoundById: PCI device 0000:3b:01.4 not found",7924209,log,"/var/log/nova/nova-compute.log","[""beats_input_codec_plain_applied""]"
"Sep 28, 2020 @ 07:05:27.740",1,4dyH03QBL2BaPbyA3AVw,"droplet-metrics",,"_doc","dual-c","dual-c","6.8.12","x86_64",false,b3424a0f25c94085b1ad46dc2c80ed07,"dual-c",Core,redhat,"CentOS Linux",centos,"7 (Core)",log,"/var/log/nova/nova-compute.log","2020-09-28 10:05:22.955 4831 WARNING nova.pci.utils [req-fef1267e-f155-417a-b5aa-73e1fa7eb7f1 - - - - -] No net device was found for VF 0000:3b:01.3: PciDeviceNotFoundById: PCI device 0000:3b:01.3 not found",7924416,log,"/var/log/nova/nova-compute.log","[""beats_input_codec_plain_applied""]"
"Sep 28, 2020 @ 07:05:27.729",1,39yH03QBL2BaPbyA3AVt,"droplet-metrics",,"_doc","dual-c","dual-c","6.8.12","x86_64",false,b3424a0f25c94085b1ad46dc2c80ed07,"dual-c",Core,redhat,"CentOS Linux",centos,"7 (Core)",log,"/var/log/nova/nova-compute.log","2020-09-28 10:05:22.191 4831 WARNING nova.pci.utils [req-fef1267e-f155-417a-b5aa-73e1fa7eb7f1 - - - - -] No net device was found for VF 0000:3b:01.6: PciDeviceNotFoundById: PCI device 0000:3b:01.6 not found",7924002,log,"/var/log/nova/nova-compute.log","[""beats_input_codec_plain_applied""]"
"Sep 28, 2020 @ 07:04:22.727",1,49yG03QBL2BaPbyA2ARZ,"droplet-metrics",,"_doc","dual-c","dual-c","6.8.12","x86_64",false,b3424a0f25c94085b1ad46dc2c80ed07,"dual-c",Core,redhat,"CentOS Linux",centos,"7 (Core)",log,"/var/log/nova/nova-compute.log","2020-09-28 10:04:22.688 4831 INFO nova.compute.resource_tracker [req-fef1267e-f155-417a-b5aa-73e1fa7eb7f1 - - - - -] Final resource view: name=dual-c phys_ram=128453MB used_ram=41472MB phys_disk=66967GB used_disk=200GB total_vcpus=64 used_vcpus=20 pci_stats=[]",7923741,log,"/var/log/nova/nova-compute.log","[""beats_input_codec_plain_applied""]"
"Sep 28, 2020 @ 07:04:22.726",1,3tyG03QBL2BaPbyA2ARR,"droplet-metrics",,"_doc","dual-c","dual-c","6.8.12","x86_64",false,b3424a0f25c94085b1ad46dc2c80ed07,"dual-c",Core,redhat,"CentOS Linux",centos,"7 (Core)",log,"/var/log/nova/nova-compute.log","2020-09-28 10:04:22.009 4831 WARNING nova.pci.utils [req-fef1267e-f155-417a-b5aa-73e1fa7eb7f1 - - - - -] No net device was found for VF 0000:3b:01.3: PciDeviceNotFoundById: PCI device 0000:3b:01.3 not found",7923120,log,"/var/log/nova/nova-compute.log","[""beats_input_codec_plain_applied""]"
"Sep 28, 2020 @ 07:04:22.726",1,39yG03QBL2BaPbyA2ART,"droplet-metrics",,"_doc","dual-c","dual-c","6.8.12","x86_64",false,b3424a0f25c94085b1ad46dc2c80ed07,"dual-c",Core,redhat,"CentOS Linux",centos,"7 (Core)",log,"/var/log/nova/nova-compute.log","2020-09-28 10:04:21.240 4831 WARNING nova.pci.utils [req-fef1267e-f155-417a-b5aa-73e1fa7eb7f1 - - - - -] No net device was found for VF 0000:3b:01.6: PciDeviceNotFoundById: PCI device 0000:3b:01.6 not found",7922706,log,"/var/log/nova/nova-compute.log","[""beats_input_codec_plain_applied""]"
"Sep 28, 2020 @ 07:04:22.726",1,4NyG03QBL2BaPbyA2ARU,"droplet-metrics",,"_doc","dual-c","dual-c","6.8.12","x86_64",false,b3424a0f25c94085b1ad46dc2c80ed07,"dual-c",Core,redhat,"CentOS Linux",centos,"7 (Core)",log,"/var/log/nova/nova-compute.log","2020-09-28 10:04:22.049 4831 WARNING nova.pci.utils [req-fef1267e-f155-417a-b5aa-73e1fa7eb7f1 - - - - -] No net device was found for VF 0000:3b:01.2: PciDeviceNotFoundById: PCI device 0000:3b:01.2 not found",7923327,log,"/var/log/nova/nova-compute.log","[""beats_input_codec_plain_applied""]"
"Sep 28, 2020 @ 07:04:22.726",1,4dyG03QBL2BaPbyA2ARW,"droplet-metrics",,"_doc","dual-c","dual-c","6.8.12","x86_64",false,b3424a0f25c94085b1ad46dc2c80ed07,"dual-c",Core,redhat,"CentOS Linux",centos,"7 (Core)",log,"/var/log/nova/nova-compute.log","2020-09-28 10:04:21.722 4831 WARNING nova.pci.utils [req-fef1267e-f155-417a-b5aa-73e1fa7eb7f1 - - - - -] No net device was found for VF 0000:3b:01.4: PciDeviceNotFoundById: PCI device 0000:3b:01.4 not found",7922913,log,"/var/log/nova/nova-compute.log","[""beats_input_codec_plain_applied""]"
"Sep 28, 2020 @ 07:04:22.726",1,4tyG03QBL2BaPbyA2ARX,"droplet-metrics",,"_doc","dual-c","dual-c","6.8.12","x86_64",false,b3424a0f25c94085b1ad46dc2c80ed07,"dual-c",Core,redhat,"CentOS Linux",centos,"7 (Core)",log,"/var/log/nova/nova-compute.log","2020-09-28 10:04:22.145 4831 WARNING nova.pci.utils [req-fef1267e-f155-417a-b5aa-73e1fa7eb7f1 - - - - -] No net device was found for VF 0000:3b:01.5: PciDeviceNotFoundById: PCI device 0000:3b:01.5 not found",7923534,log,"/var/log/nova/nova-compute.log","[""beats_input_codec_plain_applied""]"
"Sep 28, 2020 @ 07:03:27.724",1,5tyG03QBL2BaPbyACAMc,"droplet-metrics",,"_doc","dual-c","dual-c","6.8.12","x86_64",false,b3424a0f25c94085b1ad46dc2c80ed07,"dual-c",Core,redhat,"CentOS Linux",centos,"7 (Core)",log,"/var/log/nova/nova-compute.log","2020-09-28 10:03:22.024 4831 WARNING nova.pci.utils [req-fef1267e-f155-417a-b5aa-73e1fa7eb7f1 - - - - -] No net device was found for VF 0000:3b:01.2: PciDeviceNotFoundById: PCI device 0000:3b:01.2 not found",7922031,log,"/var/log/nova/nova-compute.log","[""beats_input_codec_plain_applied""]"
"Sep 28, 2020 @ 07:03:27.724",1,59yG03QBL2BaPbyACAMc,"droplet-metrics",,"_doc","dual-c","dual-c","6.8.12","x86_64",false,b3424a0f25c94085b1ad46dc2c80ed07,"dual-c",Core,redhat,"CentOS Linux",centos,"7 (Core)",log,"/var/log/nova/nova-compute.log","2020-09-28 10:03:22.133 4831 WARNING nova.pci.utils [req-fef1267e-f155-417a-b5aa-73e1fa7eb7f1 - - - - -] No net device was found for VF 0000:3b:01.5: PciDeviceNotFoundById: PCI device 0000:3b:01.5 not found",7922238,log,"/var/log/nova/nova-compute.log","[""beats_input_codec_plain_applied""]"
"Sep 28, 2020 @ 07:03:27.724",1,6NyG03QBL2BaPbyACAMc,"droplet-metrics",,"_doc","dual-c","dual-c","6.8.12","x86_64",false,b3424a0f25c94085b1ad46dc2c80ed07,"dual-c",Core,redhat,"CentOS Linux",centos,"7 (Core)",log,"/var/log/nova/nova-compute.log","2020-09-28 10:03:22.395 4831 INFO nova.compute.resource_tracker [req-fef1267e-f155-417a-b5aa-73e1fa7eb7f1 - - - - -] Final resource view: name=dual-c phys_ram=128453MB used_ram=41472MB phys_disk=66967GB used_disk=200GB total_vcpus=64 used_vcpus=20 pci_stats=[]",7922445,log,"/var/log/nova/nova-compute.log","[""beats_input_codec_plain_applied""]"
"Sep 28, 2020 @ 07:03:27.724",1,6dyG03QBL2BaPbyACAMd,"droplet-metrics",,"_doc","dual-c","dual-c","6.8.12","x86_64",false,b3424a0f25c94085b1ad46dc2c80ed07,"dual-c",Core,redhat,"CentOS Linux",centos,"7 (Core)",log,"/var/log/nova/nova-compute.log","2020-09-28 10:03:21.233 4831 WARNING nova.pci.utils [req-fef1267e-f155-417a-b5aa-73e1fa7eb7f1 - - - - -] No net device was found for VF 0000:3b:01.6: PciDeviceNotFoundById: PCI device 0000:3b:01.6 not found",7921410,log,"/var/log/nova/nova-compute.log","[""beats_input_codec_plain_applied""]"
"Sep 28, 2020 @ 07:03:27.724",1,6tyG03QBL2BaPbyACAMd,"droplet-metrics",,"_doc","dual-c","dual-c","6.8.12","x86_64",false,b3424a0f25c94085b1ad46dc2c80ed07,"dual-c",Core,redhat,"CentOS Linux",centos,"7 (Core)",log,"/var/log/nova/nova-compute.log","2020-09-28 10:03:21.726 4831 WARNING nova.pci.utils [req-fef1267e-f155-417a-b5aa-73e1fa7eb7f1 - - - - -] No net device was found for VF 0000:3b:01.4: PciDeviceNotFoundById: PCI device 0000:3b:01.4 not found",7921617,log,"/var/log/nova/nova-compute.log","[""beats_input_codec_plain_applied""]"
"Sep 28, 2020 @ 07:03:27.724",1,69yG03QBL2BaPbyACAMd,"droplet-metrics",,"_doc","dual-c","dual-c","6.8.12","x86_64",false,b3424a0f25c94085b1ad46dc2c80ed07,"dual-c",Core,redhat,"CentOS Linux",centos,"7 (Core)",log,"/var/log/nova/nova-compute.log","2020-09-28 10:03:21.985 4831 WARNING nova.pci.utils [req-fef1267e-f155-417a-b5aa-73e1fa7eb7f1 - - - - -] No net device was found for VF 0000:3b:01.3: PciDeviceNotFoundById: PCI device 0000:3b:01.3 not found",7921824,log,"/var/log/nova/nova-compute.log","[""beats_input_codec_plain_applied""]"
"Sep 28, 2020 @ 07:02:22.721",1,"1NyF03QBL2BaPbyAAwJ-","droplet-metrics",,"_doc","dual-c","dual-c","6.8.12","x86_64",false,b3424a0f25c94085b1ad46dc2c80ed07,"dual-c",Core,redhat,"CentOS Linux",centos,"7 (Core)",log,"/var/log/nova/nova-compute.log","2020-09-28 10:02:22.177 4831 INFO nova.compute.resource_tracker [req-fef1267e-f155-417a-b5aa-73e1fa7eb7f1 - - - - -] Final resource view: name=dual-c phys_ram=128453MB used_ram=41472MB phys_disk=66967GB used_disk=200GB total_vcpus=64 used_vcpus=20 pci_stats=[]",7921149,log,"/var/log/nova/nova-compute.log","[""beats_input_codec_plain_applied""]"
"Sep 28, 2020 @ 07:02:22.721",1,"1dyF03QBL2BaPbyAAwJ_","droplet-metrics",,"_doc","dual-c","dual-c","6.8.12","x86_64",false,b3424a0f25c94085b1ad46dc2c80ed07,"dual-c",Core,redhat,"CentOS Linux",centos,"7 (Core)",log,"/var/log/nova/nova-compute.log","2020-09-28 10:02:21.830 4831 WARNING nova.pci.utils [req-fef1267e-f155-417a-b5aa-73e1fa7eb7f1 - - - - -] No net device was found for VF 0000:3b:01.3: PciDeviceNotFoundById: PCI device 0000:3b:01.3 not found",7920528,log,"/var/log/nova/nova-compute.log","[""beats_input_codec_plain_applied""]"
"Sep 28, 2020 @ 07:02:22.721",1,1tyF03QBL2BaPbyAAwKA,"droplet-metrics",,"_doc","dual-c","dual-c","6.8.12","x86_64",false,b3424a0f25c94085b1ad46dc2c80ed07,"dual-c",Core,redhat,"CentOS Linux",centos,"7 (Core)",log,"/var/log/nova/nova-compute.log","2020-09-28 10:02:21.866 4831 WARNING nova.pci.utils [req-fef1267e-f155-417a-b5aa-73e1fa7eb7f1 - - - - -] No net device was found for VF 0000:3b:01.2: PciDeviceNotFoundById: PCI device 0000:3b:01.2 not found",7920735,log,"/var/log/nova/nova-compute.log","[""beats_input_codec_plain_applied""]"
"Sep 28, 2020 @ 07:02:22.721",1,19yF03QBL2BaPbyAAwKC,"droplet-metrics",,"_doc","dual-c","dual-c","6.8.12","x86_64",false,b3424a0f25c94085b1ad46dc2c80ed07,"dual-c",Core,redhat,"CentOS Linux",centos,"7 (Core)",log,"/var/log/nova/nova-compute.log","2020-09-28 10:02:21.946 4831 WARNING nova.pci.utils [req-fef1267e-f155-417a-b5aa-73e1fa7eb7f1 - - - - -] No net device was found for VF 0000:3b:01.5: PciDeviceNotFoundById: PCI device 0000:3b:01.5 not found",7920942,log,"/var/log/nova/nova-compute.log","[""beats_input_codec_plain_applied""]"
"Sep 28, 2020 @ 07:02:21.721",1,"0dyE03QBL2BaPbyA_wKk","droplet-metrics",,"_doc","dual-c","dual-c","6.8.12","x86_64",false,b3424a0f25c94085b1ad46dc2c80ed07,"dual-c",Core,redhat,"CentOS Linux",centos,"7 (Core)",log,"/var/log/nova/nova-compute.log","2020-09-28 10:02:21.078 4831 WARNING nova.pci.utils [req-fef1267e-f155-417a-b5aa-73e1fa7eb7f1 - - - - -] No net device was found for VF 0000:3b:01.6: PciDeviceNotFoundById: PCI device 0000:3b:01.6 not found",7920114,log,"/var/log/nova/nova-compute.log","[""beats_input_codec_plain_applied""]"
"Sep 28, 2020 @ 07:02:21.721",1,"0tyE03QBL2BaPbyA_wKk","droplet-metrics",,"_doc","dual-c","dual-c","6.8.12","x86_64",false,b3424a0f25c94085b1ad46dc2c80ed07,"dual-c",Core,redhat,"CentOS Linux",centos,"7 (Core)",log,"/var/log/nova/nova-compute.log","2020-09-28 10:02:21.559 4831 WARNING nova.pci.utils [req-fef1267e-f155-417a-b5aa-73e1fa7eb7f1 - - - - -] No net device was found for VF 0000:3b:01.4: PciDeviceNotFoundById: PCI device 0000:3b:01.4 not found",7920321,log,"/var/log/nova/nova-compute.log","[""beats_input_codec_plain_applied""]"
"Sep 28, 2020 @ 07:01:26.718",1,1tyE03QBL2BaPbyALgF6,"droplet-metrics",,"_doc","dual-c","dual-c","6.8.12","x86_64",false,b3424a0f25c94085b1ad46dc2c80ed07,"dual-c",Core,redhat,"CentOS Linux",centos,"7 (Core)",log,"/var/log/nova/nova-compute.log","2020-09-28 10:01:20.142 4831 WARNING nova.pci.utils [req-fef1267e-f155-417a-b5aa-73e1fa7eb7f1 - - - - -] No net device was found for VF 0000:3b:01.6: PciDeviceNotFoundById: PCI device 0000:3b:01.6 not found",7918818,log,"/var/log/nova/nova-compute.log","[""beats_input_codec_plain_applied""]"
"Sep 28, 2020 @ 07:01:26.718",1,19yE03QBL2BaPbyALgF8,"droplet-metrics",,"_doc","dual-c","dual-c","6.8.12","x86_64",false,b3424a0f25c94085b1ad46dc2c80ed07,"dual-c",Core,redhat,"CentOS Linux",centos,"7 (Core)",log,"/var/log/nova/nova-compute.log","2020-09-28 10:01:20.665 4831 WARNING nova.pci.utils [req-fef1267e-f155-417a-b5aa-73e1fa7eb7f1 - - - - -] No net device was found for VF 0000:3b:01.4: PciDeviceNotFoundById: PCI device 0000:3b:01.4 not found",7919025,log,"/var/log/nova/nova-compute.log","[""beats_input_codec_plain_applied""]"
"Sep 28, 2020 @ 07:01:26.718",1,2NyE03QBL2BaPbyALgF9,"droplet-metrics",,"_doc","dual-c","dual-c","6.8.12","x86_64",false,b3424a0f25c94085b1ad46dc2c80ed07,"dual-c",Core,redhat,"CentOS Linux",centos,"7 (Core)",log,"/var/log/nova/nova-compute.log","2020-09-28 10:01:20.959 4831 WARNING nova.pci.utils [req-fef1267e-f155-417a-b5aa-73e1fa7eb7f1 - - - - -] No net device was found for VF 0000:3b:01.3: PciDeviceNotFoundById: PCI device 0000:3b:01.3 not found",7919232,log,"/var/log/nova/nova-compute.log","[""beats_input_codec_plain_applied""]"
"Sep 28, 2020 @ 07:01:26.718",1,2dyE03QBL2BaPbyALgF9,"droplet-metrics",,"_doc","dual-c","dual-c","6.8.12","x86_64",false,b3424a0f25c94085b1ad46dc2c80ed07,"dual-c",Core,redhat,"CentOS Linux",centos,"7 (Core)",log,"/var/log/nova/nova-compute.log","2020-09-28 10:01:21.006 4831 WARNING nova.pci.utils [req-fef1267e-f155-417a-b5aa-73e1fa7eb7f1 - - - - -] No net device was found for VF 0000:3b:01.2: PciDeviceNotFoundById: PCI device 0000:3b:01.2 not found",7919439,log,"/var/log/nova/nova-compute.log","[""beats_input_codec_plain_applied""]"
"Sep 28, 2020 @ 07:01:26.718",1,2tyE03QBL2BaPbyALgF9,"droplet-metrics",,"_doc","dual-c","dual-c","6.8.12","x86_64",false,b3424a0f25c94085b1ad46dc2c80ed07,"dual-c",Core,redhat,"CentOS Linux",centos,"7 (Core)",log,"/var/log/nova/nova-compute.log","2020-09-28 10:01:21.113 4831 WARNING nova.pci.utils [req-fef1267e-f155-417a-b5aa-73e1fa7eb7f1 - - - - -] No net device was found for VF 0000:3b:01.5: PciDeviceNotFoundById: PCI device 0000:3b:01.5 not found",7919646,log,"/var/log/nova/nova-compute.log","[""beats_input_codec_plain_applied""]"
"Sep 28, 2020 @ 07:01:26.718",1,29yE03QBL2BaPbyALgF9,"droplet-metrics",,"_doc","dual-c","dual-c","6.8.12","x86_64",false,b3424a0f25c94085b1ad46dc2c80ed07,"dual-c",Core,redhat,"CentOS Linux",centos,"7 (Core)",log,"/var/log/nova/nova-compute.log","2020-09-28 10:01:21.372 4831 INFO nova.compute.resource_tracker [req-fef1267e-f155-417a-b5aa-73e1fa7eb7f1 - - - - -] Final resource view: name=dual-c phys_ram=128453MB used_ram=41472MB phys_disk=66967GB used_disk=200GB total_vcpus=64 used_vcpus=20 pci_stats=[]",7919853,log,"/var/log/nova/nova-compute.log","[""beats_input_codec_plain_applied""]"
"Sep 28, 2020 @ 07:00:21.716",1,2dyD03QBL2BaPbyAKwAt,"droplet-metrics",,"_doc","dual-c","dual-c","6.8.12","x86_64",false,b3424a0f25c94085b1ad46dc2c80ed07,"dual-c",Core,redhat,"CentOS Linux",centos,"7 (Core)",log,"/var/log/nova/nova-compute.log","2020-09-28 10:00:19.411 4831 INFO nova.compute.resource_tracker [req-fef1267e-f155-417a-b5aa-73e1fa7eb7f1 - - - - -] Final resource view: name=dual-c phys_ram=128453MB used_ram=41472MB phys_disk=66967GB used_disk=200GB total_vcpus=64 used_vcpus=20 pci_stats=[]",7918557,log,"/var/log/nova/nova-compute.log","[""beats_input_codec_plain_applied""]"
"Sep 28, 2020 @ 07:00:21.715",1,19yD03QBL2BaPbyAKwAr,"droplet-metrics",,"_doc","dual-c","dual-c","6.8.12","x86_64",false,b3424a0f25c94085b1ad46dc2c80ed07,"dual-c",Core,redhat,"CentOS Linux",centos,"7 (Core)",log,"/var/log/nova/nova-compute.log","2020-09-28 10:00:18.727 4831 WARNING nova.pci.utils [req-fef1267e-f155-417a-b5aa-73e1fa7eb7f1 - - - - -] No net device was found for VF 0000:3b:01.4: PciDeviceNotFoundById: PCI device 0000:3b:01.4 not found",7917729,log,"/var/log/nova/nova-compute.log","[""beats_input_codec_plain_applied""]"
"Sep 28, 2020 @ 07:00:21.715",1,2NyD03QBL2BaPbyAKwAr,"droplet-metrics",,"_doc","dual-c","dual-c","6.8.12","x86_64",false,b3424a0f25c94085b1ad46dc2c80ed07,"dual-c",Core,redhat,"CentOS Linux",centos,"7 (Core)",log,"/var/log/nova/nova-compute.log","2020-09-28 10:00:19.008 4831 WARNING nova.pci.utils [req-fef1267e-f155-417a-b5aa-73e1fa7eb7f1 - - - - -] No net device was found for VF 0000:3b:01.3: PciDeviceNotFoundById: PCI device 0000:3b:01.3 not found",7917936,log,"/var/log/nova/nova-compute.log","[""beats_input_codec_plain_applied""]"
"Sep 28, 2020 @ 07:00:21.715",1,2tyD03QBL2BaPbyAKwAy,"droplet-metrics",,"_doc","dual-c","dual-c","6.8.12","x86_64",false,b3424a0f25c94085b1ad46dc2c80ed07,"dual-c",Core,redhat,"CentOS Linux",centos,"7 (Core)",log,"/var/log/nova/nova-compute.log","2020-09-28 10:00:18.240 4831 WARNING nova.pci.utils [req-fef1267e-f155-417a-b5aa-73e1fa7eb7f1 - - - - -] No net device was found for VF 0000:3b:01.6: PciDeviceNotFoundById: PCI device 0000:3b:01.6 not found",7917522,log,"/var/log/nova/nova-compute.log","[""beats_input_codec_plain_applied""]"
"Sep 28, 2020 @ 07:00:21.715",1,29yD03QBL2BaPbyAKwAy,"droplet-metrics",,"_doc","dual-c","dual-c","6.8.12","x86_64",false,b3424a0f25c94085b1ad46dc2c80ed07,"dual-c",Core,redhat,"CentOS Linux",centos,"7 (Core)",log,"/var/log/nova/nova-compute.log","2020-09-28 10:00:19.049 4831 WARNING nova.pci.utils [req-fef1267e-f155-417a-b5aa-73e1fa7eb7f1 - - - - -] No net device was found for VF 0000:3b:01.2: PciDeviceNotFoundById: PCI device 0000:3b:01.2 not found",7918143,log,"/var/log/nova/nova-compute.log","[""beats_input_codec_plain_applied""]"
"Sep 28, 2020 @ 07:00:21.715",1,3NyD03QBL2BaPbyAKwAy,"droplet-metrics",,"_doc","dual-c","dual-c","6.8.12","x86_64",false,b3424a0f25c94085b1ad46dc2c80ed07,"dual-c",Core,redhat,"CentOS Linux",centos,"7 (Core)",log,"/var/log/nova/nova-compute.log","2020-09-28 10:00:19.140 4831 WARNING nova.pci.utils [req-fef1267e-f155-417a-b5aa-73e1fa7eb7f1 - - - - -] No net device was found for VF 0000:3b:01.5: PciDeviceNotFoundById: PCI device 0000:3b:01.5 not found",7918350,log,"/var/log/nova/nova-compute.log","[""beats_input_codec_plain_applied""]"
"Sep 28, 2020 @ 06:59:26.713",1,4duC03QBL2BaPbyAWP8I,"droplet-metrics",,"_doc","dual-c","dual-c","6.8.12","x86_64",false,b3424a0f25c94085b1ad46dc2c80ed07,"dual-c",Core,redhat,"CentOS Linux",centos,"7 (Core)",log,"/var/log/nova/nova-compute.log","2020-09-28 09:59:17.437 4831 WARNING nova.pci.utils [req-fef1267e-f155-417a-b5aa-73e1fa7eb7f1 - - - - -] No net device was found for VF 0000:3b:01.5: PciDeviceNotFoundById: PCI device 0000:3b:01.5 not found",7917054,log,"/var/log/nova/nova-compute.log","[""beats_input_codec_plain_applied""]"
"Sep 28, 2020 @ 06:59:26.713",1,5NuC03QBL2BaPbyAWP8M,"droplet-metrics",,"_doc","dual-c","dual-c","6.8.12","x86_64",false,b3424a0f25c94085b1ad46dc2c80ed07,"dual-c",Core,redhat,"CentOS Linux",centos,"7 (Core)",log,"/var/log/nova/nova-compute.log","2020-09-28 09:59:17.981 4831 INFO nova.compute.resource_tracker [req-fef1267e-f155-417a-b5aa-73e1fa7eb7f1 - - - - -] Final resource view: name=dual-c phys_ram=128453MB used_ram=41472MB phys_disk=66967GB used_disk=200GB total_vcpus=64 used_vcpus=20 pci_stats=[]",7917261,log,"/var/log/nova/nova-compute.log","[""beats_input_codec_plain_applied""]"
"Sep 28, 2020 @ 06:59:26.712",1,39uC03QBL2BaPbyAWP8C,"droplet-metrics",,"_doc","dual-c","dual-c","6.8.12","x86_64",false,b3424a0f25c94085b1ad46dc2c80ed07,"dual-c",Core,redhat,"CentOS Linux",centos,"7 (Core)",log,"/var/log/nova/nova-compute.log","2020-09-28 09:59:17.353 4831 WARNING nova.pci.utils [req-fef1267e-f155-417a-b5aa-73e1fa7eb7f1 - - - - -] No net device was found for VF 0000:3b:01.3: PciDeviceNotFoundById: PCI device 0000:3b:01.3 not found",7916640,log,"/var/log/nova/nova-compute.log","[""beats_input_codec_plain_applied""]"
"Sep 28, 2020 @ 06:59:26.712",1,4NuC03QBL2BaPbyAWP8D,"droplet-metrics",,"_doc","dual-c","dual-c","6.8.12","x86_64",false,b3424a0f25c94085b1ad46dc2c80ed07,"dual-c",Core,redhat,"CentOS Linux",centos,"7 (Core)",log,"/var/log/nova/nova-compute.log","2020-09-28 09:59:17.381 4831 WARNING nova.pci.utils [req-fef1267e-f155-417a-b5aa-73e1fa7eb7f1 - - - - -] No net device was found for VF 0000:3b:01.2: PciDeviceNotFoundById: PCI device 0000:3b:01.2 not found",7916847,log,"/var/log/nova/nova-compute.log","[""beats_input_codec_plain_applied""]"
"Sep 28, 2020 @ 06:59:26.712",1,4tuC03QBL2BaPbyAWP8J,"droplet-metrics",,"_doc","dual-c","dual-c","6.8.12","x86_64",false,b3424a0f25c94085b1ad46dc2c80ed07,"dual-c",Core,redhat,"CentOS Linux",centos,"7 (Core)",log,"/var/log/nova/nova-compute.log","2020-09-28 09:59:17.182 4831 WARNING nova.pci.utils [req-fef1267e-f155-417a-b5aa-73e1fa7eb7f1 - - - - -] No net device was found for VF 0000:3b:01.4: PciDeviceNotFoundById: PCI device 0000:3b:01.4 not found",7916433,log,"/var/log/nova/nova-compute.log","[""beats_input_codec_plain_applied""]"
"Sep 28, 2020 @ 06:59:26.702",1,49uC03QBL2BaPbyAWP8L,"droplet-metrics",,"_doc","dual-c","dual-c","6.8.12","x86_64",false,b3424a0f25c94085b1ad46dc2c80ed07,"dual-c",Core,redhat,"CentOS Linux",centos,"7 (Core)",log,"/var/log/nova/nova-compute.log","2020-09-28 09:59:16.742 4831 WARNING nova.pci.utils [req-fef1267e-f155-417a-b5aa-73e1fa7eb7f1 - - - - -] No net device was found for VF 0000:3b:01.6: PciDeviceNotFoundById: PCI device 0000:3b:01.6 not found",7916226,log,"/var/log/nova/nova-compute.log","[""beats_input_codec_plain_applied""]"
